capture_id	capture_started_at	committed	status	reason	event_rows	receipt_rows	probe_rows	cost_rows	hex(event_digest)	hex(receipt_digest)	hex(probe_digest)	hex(cost_digest)	hex(evidence_manifest_hash)
db7f523b-f5c4-4a41-b827-3641bb39f112	2026-10-02 18:49:49.627284	true	error	transport_error	0	0	0	0	E3B0C44298FC1C149AFBF4C8996FB92427AE41E4649B934CA495991B7852B855	E3B0C44298FC1C149AFBF4C8996FB92427AE41E4649B934CA495991B7852B855	E3B0C44298FC1C149AFBF4C8996FB92427AE41E4649B934CA495991B7852B855	E3B0C44298FC1C149AFBF4C8996FB92427AE41E4649B934CA495991B7852B855	EE04972B1ACA7A77CB15D7D22DA581C4EE671198D98C1F7BC46041A843080775
477ea65a-9da5-4c6c-8a8b-49f99b87393d	2026-10-02 18:54:43.583053	true	complete		0	0	0	0	E3B0C44298FC1C149AFBF4C8996FB92427AE41E4649B934CA495991B7852B855	E3B0C44298FC1C149AFBF4C8996FB92427AE41E4649B934CA495991B7852B855	E3B0C44298FC1C149AFBF4C8996FB92427AE41E4649B934CA495991B7852B855	E3B0C44298FC1C149AFBF4C8996FB92427AE41E4649B934CA495991B7852B855	4FCE8109D99B719B1F3E46522508DAB7EA5FD26CBDD01851417DE97F84900CDC
01b70c72-62c4-455f-952f-0350511e9467	2026-10-02 19:02:31.622951	true	complete		0	0	0	0	E3B0C44298FC1C149AFBF4C8996FB92427AE41E4649B934CA495991B7852B855	E3B0C44298FC1C149AFBF4C8996FB92427AE41E4649B934CA495991B7852B855	E3B0C44298FC1C149AFBF4C8996FB92427AE41E4649B934CA495991B7852B855	E3B0C44298FC1C149AFBF4C8996FB92427AE41E4649B934CA495991B7852B855	43B75D615789B372D0A23FBB9BA42C6142C51610FA0C1907F2646C6AA87DBBFA
ebe8916f-0ea6-4921-99dd-cd6ce99053dd	2026-10-02 19:02:31.623014	true	complete		0	0	0	1	E3B0C44298FC1C149AFBF4C8996FB92427AE41E4649B934CA495991B7852B855	E3B0C44298FC1C149AFBF4C8996FB92427AE41E4649B934CA495991B7852B855	E3B0C44298FC1C149AFBF4C8996FB92427AE41E4649B934CA495991B7852B855	F92ED6D16A50C586541A27EB1C821B209B1635354D20324D815D55094F46618D	B59FB7D3B40370E1D628D1A3B44C4DB5EF2AE76E1F321674D9BD18A1C95875E2
7ec4edab-6dc0-48af-9b8e-2139d8197a8a	2026-10-02 19:02:31.623017	true	partial	json: cannot unmarshal number -1 into Go struct field .chainParameter.value of type uint64	0	0	0	0	E3B0C44298FC1C149AFBF4C8996FB92427AE41E4649B934CA495991B7852B855	E3B0C44298FC1C149AFBF4C8996FB92427AE41E4649B934CA495991B7852B855	E3B0C44298FC1C149AFBF4C8996FB92427AE41E4649B934CA495991B7852B855	E3B0C44298FC1C149AFBF4C8996FB92427AE41E4649B934CA495991B7852B855	B7398F4BAA507B2DAE278B35E29425D7850F0E4B8F7E8BF100E22CF6B8F08437
a8aa1859-dda3-4c39-b121-db94987b232e	2026-10-02 19:02:31.623025	true	partial	pagination_continues	0	0	0	0	E3B0C44298FC1C149AFBF4C8996FB92427AE41E4649B934CA495991B7852B855	E3B0C44298FC1C149AFBF4C8996FB92427AE41E4649B934CA495991B7852B855	E3B0C44298FC1C149AFBF4C8996FB92427AE41E4649B934CA495991B7852B855	E3B0C44298FC1C149AFBF4C8996FB92427AE41E4649B934CA495991B7852B855	9630954B082C2DFEAB6921DF1A0FEFBDE79CB5EEC7535CF0DBD2CB4E67E01F50
56ab69b9-42a1-4a61-b71d-22dd6e18e1b7	2026-10-02 19:02:31.623037	true	partial	pagination_continues	0	0	0	0	E3B0C44298FC1C149AFBF4C8996FB92427AE41E4649B934CA495991B7852B855	E3B0C44298FC1C149AFBF4C8996FB92427AE41E4649B934CA495991B7852B855	E3B0C44298FC1C149AFBF4C8996FB92427AE41E4649B934CA495991B7852B855	E3B0C44298FC1C149AFBF4C8996FB92427AE41E4649B934CA495991B7852B855	87591C652B2C9E5AB6E886A82FE4EA7B76FB253660741A9F65E076F563CDF174
8e9df6c6-b429-4157-8abd-e4f0860fa360	2026-10-02 19:02:31.623046	true	partial	pagination_continues	0	0	0	0	E3B0C44298FC1C149AFBF4C8996FB92427AE41E4649B934CA495991B7852B855	E3B0C44298FC1C149AFBF4C8996FB92427AE41E4649B934CA495991B7852B855	E3B0C44298FC1C149AFBF4C8996FB92427AE41E4649B934CA495991B7852B855	E3B0C44298FC1C149AFBF4C8996FB92427AE41E4649B934CA495991B7852B855	D65136A2EC3E4AABDDD53E6E363E41B441870DFC645142490D1F0089C1622BDC
26a847e7-b658-4fa7-861d-bfd8f35fdc6b	2026-10-02 19:02:31.623049	true	partial	pagination_continues	0	0	0	0	E3B0C44298FC1C149AFBF4C8996FB92427AE41E4649B934CA495991B7852B855	E3B0C44298FC1C149AFBF4C8996FB92427AE41E4649B934CA495991B7852B855	E3B0C44298FC1C149AFBF4C8996FB92427AE41E4649B934CA495991B7852B855	E3B0C44298FC1C149AFBF4C8996FB92427AE41E4649B934CA495991B7852B855	38BD57A027E0818AA438684E262129FDC8F0657633295B517DA4E16A5964B444
1e6f1fa8-06ab-4eca-b206-bf684d68a277	2026-10-02 19:02:31.623051	true	partial	pagination_continues	0	0	0	0	E3B0C44298FC1C149AFBF4C8996FB92427AE41E4649B934CA495991B7852B855	E3B0C44298FC1C149AFBF4C8996FB92427AE41E4649B934CA495991B7852B855	E3B0C44298FC1C149AFBF4C8996FB92427AE41E4649B934CA495991B7852B855	E3B0C44298FC1C149AFBF4C8996FB92427AE41E4649B934CA495991B7852B855	A96F0A190A71598AB57CC3B147B9ABB8165BE98D45B7E4475919B3DAC5BE658C
00eaae23-dc35-4dd2-8d61-f37c0a29e754	2026-10-02 19:02:31.623053	true	partial	pagination_continues	0	0	0	0	E3B0C44298FC1C149AFBF4C8996FB92427AE41E4649B934CA495991B7852B855	E3B0C44298FC1C149AFBF4C8996FB92427AE41E4649B934CA495991B7852B855	E3B0C44298FC1C149AFBF4C8996FB92427AE41E4649B934CA495991B7852B855	E3B0C44298FC1C149AFBF4C8996FB92427AE41E4649B934CA495991B7852B855	4E8E6A91D7AE762BC4896A1B10A3C146B97577A0C09696F0591D7DDC9F215E92
11807f7f-5e38-4356-b428-00be4ec3a910	2026-10-02 19:03:31.655435	true	complete		0	0	0	1	E3B0C44298FC1C149AFBF4C8996FB92427AE41E4649B934CA495991B7852B855	E3B0C44298FC1C149AFBF4C8996FB92427AE41E4649B934CA495991B7852B855	E3B0C44298FC1C149AFBF4C8996FB92427AE41E4649B934CA495991B7852B855	552517D265F1D17AE775572980FEBB495E36B8656164037615AA22985270D432	F50FD626EA04619AE71260494B2B3EF37410B78E9106F841995D3C5EB83465D3
72293727-9aab-4d43-b890-3d357b1e91e6	2026-10-02 19:03:32.780492	true	partial	pagination_continues	0	0	0	0	E3B0C44298FC1C149AFBF4C8996FB92427AE41E4649B934CA495991B7852B855	E3B0C44298FC1C149AFBF4C8996FB92427AE41E4649B934CA495991B7852B855	E3B0C44298FC1C149AFBF4C8996FB92427AE41E4649B934CA495991B7852B855	E3B0C44298FC1C149AFBF4C8996FB92427AE41E4649B934CA495991B7852B855	000403CE03A5A48EFC7305AB6ED7AFAF4C5938B5830FE41A264426CC01EFB0EA
4391a21d-bc80-4d56-8e84-ea7f114924ea	2026-10-02 19:03:37.632599	true	partial	pagination_continues	0	0	0	0	E3B0C44298FC1C149AFBF4C8996FB92427AE41E4649B934CA495991B7852B855	E3B0C44298FC1C149AFBF4C8996FB92427AE41E4649B934CA495991B7852B855	E3B0C44298FC1C149AFBF4C8996FB92427AE41E4649B934CA495991B7852B855	E3B0C44298FC1C149AFBF4C8996FB92427AE41E4649B934CA495991B7852B855	0094A85FA6EBEB665E8CC6D7F66ED9277E73C3BE0DAEF0DC5E9309F964AA1676
458f47ed-2b70-4afb-8996-aeffb53983f1	2026-10-02 19:03:42.895553	true	partial	pagination_continues	0	0	0	0	E3B0C44298FC1C149AFBF4C8996FB92427AE41E4649B934CA495991B7852B855	E3B0C44298FC1C149AFBF4C8996FB92427AE41E4649B934CA495991B7852B855	E3B0C44298FC1C149AFBF4C8996FB92427AE41E4649B934CA495991B7852B855	E3B0C44298FC1C149AFBF4C8996FB92427AE41E4649B934CA495991B7852B855	44AB7CEF0784AF4AB424D7F51C345AB0CF87CB9516AED788BEC3191CC00E75C3
5e764a3d-1523-404e-9b9c-dcf7392dc98a	2026-10-02 19:03:47.764448	true	partial	pagination_continues	0	0	0	0	E3B0C44298FC1C149AFBF4C8996FB92427AE41E4649B934CA495991B7852B855	E3B0C44298FC1C149AFBF4C8996FB92427AE41E4649B934CA495991B7852B855	E3B0C44298FC1C149AFBF4C8996FB92427AE41E4649B934CA495991B7852B855	E3B0C44298FC1C149AFBF4C8996FB92427AE41E4649B934CA495991B7852B855	0496F03D7E924C920C68CCF615C668BCB203BF6703DF7048A5A19ABB154424EB
d8a6a25c-0d14-40de-b164-eff192973264	2026-10-02 19:03:52.737060	true	partial	pagination_continues	0	0	0	0	E3B0C44298FC1C149AFBF4C8996FB92427AE41E4649B934CA495991B7852B855	E3B0C44298FC1C149AFBF4C8996FB92427AE41E4649B934CA495991B7852B855	E3B0C44298FC1C149AFBF4C8996FB92427AE41E4649B934CA495991B7852B855	E3B0C44298FC1C149AFBF4C8996FB92427AE41E4649B934CA495991B7852B855	96933B9F79B25C20725C7074504DD9A28C288D4780AC49479FB5AF1A315F5695
59588e50-ce29-472d-a7c9-d72762a22a81	2026-10-02 19:03:57.704582	true	partial	pagination_continues	0	0	0	0	E3B0C44298FC1C149AFBF4C8996FB92427AE41E4649B934CA495991B7852B855	E3B0C44298FC1C149AFBF4C8996FB92427AE41E4649B934CA495991B7852B855	E3B0C44298FC1C149AFBF4C8996FB92427AE41E4649B934CA495991B7852B855	E3B0C44298FC1C149AFBF4C8996FB92427AE41E4649B934CA495991B7852B855	4B2B535CA65A2D5704450B5CA10BAFDB8F3ACC8C854781A86B9190C9A9AA614B
5126cce8-c0d2-45db-a09c-f8e10aa92c20	2026-10-02 19:04:31.717063	true	complete		0	0	0	1	E3B0C44298FC1C149AFBF4C8996FB92427AE41E4649B934CA495991B7852B855	E3B0C44298FC1C149AFBF4C8996FB92427AE41E4649B934CA495991B7852B855	E3B0C44298FC1C149AFBF4C8996FB92427AE41E4649B934CA495991B7852B855	256B46C2884E9275363E623D81587350158FF133B7175B240E64F524871F3D81	8B7D09DA6B81D5D84744FE0D0ADF595CE9AE66C6B9685A6E2F40E8A52EBE988F
73299e65-2343-43ad-8cba-4b096b08f730	2026-10-02 19:04:47.864581	true	partial	pagination_continues	0	0	0	0	E3B0C44298FC1C149AFBF4C8996FB92427AE41E4649B934CA495991B7852B855	E3B0C44298FC1C149AFBF4C8996FB92427AE41E4649B934CA495991B7852B855	E3B0C44298FC1C149AFBF4C8996FB92427AE41E4649B934CA495991B7852B855	E3B0C44298FC1C149AFBF4C8996FB92427AE41E4649B934CA495991B7852B855	7004C7EF875CA774BB605B45919D65B42DF06E643D3964E47721FD05F30621F6
69e1ba66-c49a-4c21-a238-03ebddf87e46	2026-10-02 19:04:52.464004	true	partial	pagination_continues	0	0	0	0	E3B0C44298FC1C149AFBF4C8996FB92427AE41E4649B934CA495991B7852B855	E3B0C44298FC1C149AFBF4C8996FB92427AE41E4649B934CA495991B7852B855	E3B0C44298FC1C149AFBF4C8996FB92427AE41E4649B934CA495991B7852B855	E3B0C44298FC1C149AFBF4C8996FB92427AE41E4649B934CA495991B7852B855	9299350DCC4B449803634035766D93CD454D10C4C7A82CC83346A3226DB41A70
44674c4c-ddb2-4711-a885-1364dc9758c7	2026-10-02 19:04:57.838157	true	partial	pagination_continues	0	0	0	0	E3B0C44298FC1C149AFBF4C8996FB92427AE41E4649B934CA495991B7852B855	E3B0C44298FC1C149AFBF4C8996FB92427AE41E4649B934CA495991B7852B855	E3B0C44298FC1C149AFBF4C8996FB92427AE41E4649B934CA495991B7852B855	E3B0C44298FC1C149AFBF4C8996FB92427AE41E4649B934CA495991B7852B855	79C73907D194118FD2F2AABCAAD4AD7F7268D2F24E627D0E5251658A86795287
7c2ed946-c9fc-4851-9a5b-656213edd3a6	2026-10-02 19:05:31.780106	true	complete		0	0	0	1	E3B0C44298FC1C149AFBF4C8996FB92427AE41E4649B934CA495991B7852B855	E3B0C44298FC1C149AFBF4C8996FB92427AE41E4649B934CA495991B7852B855	E3B0C44298FC1C149AFBF4C8996FB92427AE41E4649B934CA495991B7852B855	D7AAE6F8E78EEB9B84F08C2169DC6C5649A99B270179C4FC436B0347388BB9D2	57A98152B6C4D9774D5D5EE94197EFA7BE4412B48E66353F5E727139AEF8786F
