capture_id,chain_id,kind,mode,from_block,to_block,from_block_time_utc,to_block_time_utc,status,finality,canonical,committed,members_and_evidence_accepted,unknown_event_count,started_at_utc,available_at_utc,reason
0x1b1ef653492a9f352001d744abc2488270b90a324354742259d2457817d3fba1,42161,logs,live,510998625,510998652,2026-10-02T13:32:45Z,2026-10-02T13:32:52Z,complete,head,true,true,true,0,2026-10-02T13:32:53.544381Z,2026-10-02T13:32:57.023334Z,
0x299a2a04e106203607a074c1d957b1c31933f1c5f0cc5448538cf43043bf49fd,8453,logs,live,52079316,52079322,2026-10-02T13:32:59Z,2026-10-02T13:33:11Z,complete,head,true,true,true,0,2026-10-02T13:33:13.102906Z,2026-10-02T13:33:15.884025Z,
0x40f74480741fbd813676f2d104344fedf80fc01e79bb8f3dfd6d41d058b4cf9d,42161,receipts,research,510998656,510998656,2026-10-02T13:32:53Z,2026-10-02T13:32:53Z,complete,head,true,true,true,0,2026-10-02T13:33:10.313731Z,2026-10-02T13:33:11.183715Z,
0x47708e357e17ddcb4287a87e4feee1860997fbe3f065101ceddede8f981c63fd,8453,logs,live,52079303,52079308,2026-10-02T13:32:33Z,2026-10-02T13:32:43Z,complete,head,true,true,true,0,2026-10-02T13:32:43.842797Z,2026-10-02T13:32:45.863783Z,
0x48161c82f165df515c2f40022b7cb8f6427eca86a043ab220c62393084069e86,42161,logs,live,510998624,510998624,2026-10-02T13:32:45Z,2026-10-02T13:32:45Z,complete,head,true,true,true,0,2026-10-02T13:32:47.911698Z,2026-10-02T13:32:49.875337Z,
0x5488bcbc24165c0e1b09cc3c2652f3588462efd3c71f73f0829cd34dd31efe2b,8453,receipts,research,52079310,52079310,2026-10-02T13:32:47Z,2026-10-02T13:32:47Z,complete,head,true,true,true,0,2026-10-02T13:32:57.171519Z,2026-10-02T13:32:58.11356Z,
0x55705fabaa4d14e4b6b51aa21ba83d7b04865b64580dbac81f8aedbe5433b994,42161,receipts,research,510998809,510998809,2026-10-02T13:33:32Z,2026-10-02T13:33:32Z,complete,head,true,true,true,0,2026-10-02T13:33:40.668943Z,2026-10-02T13:33:41.941869Z,
0x5f457ca16937d1f562ed3e8e7eb86095445d3692b5b9ea58992afc8f3f5fccd7,42161,logs,live,510998653,510998684,2026-10-02T13:32:52Z,2026-10-02T13:33:00Z,complete,head,true,true,true,0,2026-10-02T13:33:01.152028Z,2026-10-02T13:33:05.164057Z,
0x6ac00c36af64e24ab450efda92a0d9927eedbd58a4a10b48397925071a5c8c68,8453,logs,live,52079334,52079337,2026-10-02T13:33:35Z,2026-10-02T13:33:41Z,complete,head,true,true,true,0,2026-10-02T13:33:42.175592Z,2026-10-02T13:33:44.224086Z,
0x8cbee57750cd3b8a0744df0830e7e142bcab18dff7299a32e24588bad10ac5fd,42161,logs,catchup,510998685,510998741,2026-10-02T13:33:00Z,2026-10-02T13:33:14Z,complete,head,true,true,true,0,2026-10-02T13:33:16.81182Z,2026-10-02T13:33:21.499732Z,
0x8ec326bbc82fdba54d79636d0a015a39952274318eeca461edd472cb4a2f0cec,42161,logs,live,510998822,510998855,2026-10-02T13:33:35Z,2026-10-02T13:33:43Z,complete,head,true,true,true,0,2026-10-02T13:33:44.751937Z,2026-10-02T13:33:48.01702Z,
0x900a15b5b10685afafe5aa33d824828ccef1752c50fc4606ef5cd06bebc30060,42161,logs,catchup,510998789,510998821,2026-10-02T13:33:26Z,2026-10-02T13:33:35Z,complete,head,true,true,true,0,2026-10-02T13:33:36.556807Z,2026-10-02T13:33:40.649115Z,
0x9997f0ebc0eb2259e22d8c08e1343e5e05b3e081ab8b322b55fcf8d8ecc2e107,8453,probes,catchup,52079327,52079327,2026-10-02T13:33:21Z,2026-10-02T13:33:21Z,complete,head,true,true,true,0,2026-10-02T13:33:21.513936Z,2026-10-02T13:33:22.952069Z,
0xa34a39eccbcbf1a6e2f996807687245a1432640248b5b329e5ba54c6316ee5a5,8453,logs,live,52079309,52079311,2026-10-02T13:32:45Z,2026-10-02T13:32:49Z,complete,head,true,true,true,0,2026-10-02T13:32:50.102078Z,2026-10-02T13:32:52.686553Z,
0xaae274968aadd791649c8ee2a22de2ea9a33f01d6cdb1ec84bfad344a8030b06,8453,receipts,research,52079320,52079320,2026-10-02T13:33:07Z,2026-10-02T13:33:07Z,complete,head,true,true,true,0,2026-10-02T13:33:24.089146Z,2026-10-02T13:33:24.870089Z,
0xac7ac4e95de3bf99e068a57a98154a8ca384dd52a13bbf92a6bda732e01cbb54,8453,logs,live,52079312,52079315,2026-10-02T13:32:51Z,2026-10-02T13:32:57Z,complete,head,true,true,true,0,2026-10-02T13:32:58.359447Z,2026-10-02T13:33:00.518013Z,
0xb37f965ff525122d252181be096b8b3d6ba9198bbffb7d4906a20b5760a99ed2,8453,logs,live,52079338,52079342,2026-10-02T13:33:43Z,2026-10-02T13:33:51Z,complete,head,true,true,true,0,2026-10-02T13:33:52.064997Z,2026-10-02T13:33:54.125704Z,
0xb610a2507bc801ae3b36ba7e0afc99bb89dcb4cd14234d7d27614bdf5b0457d0,42161,probes,catchup,510998702,510998702,2026-10-02T13:33:04Z,2026-10-02T13:33:04Z,complete,head,true,true,true,0,2026-10-02T13:33:05.181779Z,2026-10-02T13:33:08.953341Z,
0xbd7ace83b8a7c6f0741c20eabbaffafc8d3d794293f2cba94806f7a3b2577763,8453,logs,live,52079302,52079302,2026-10-02T13:32:31Z,2026-10-02T13:32:31Z,complete,head,true,true,true,0,2026-10-02T13:32:34.265797Z,2026-10-02T13:32:36.016133Z,
0xc25a619640ee7eb13fe387317c67c010eb13e667aa873818a0ae3e5c5fc354eb,8453,probes,catchup,,,,,partial,head,true,true,false,0,2026-10-02T13:33:08.967677Z,2026-10-02T13:33:10.216315Z,missing_or_invalid_rpc_evidence
0xc25c05a8655b3b2c35e4710851501398255f3a093eea7d0340fab064a7e4c5f9,42161,receipts,research,510998740,510998740,2026-10-02T13:33:14Z,2026-10-02T13:33:14Z,complete,head,true,true,true,0,2026-10-02T13:33:22.971006Z,2026-10-02T13:33:24.076554Z,
0xc588bdbdaa58526aa9eb41d0487d6f5955cbe3e08a292121abd888d262f7d735,8453,receipts,research,52079334,52079334,2026-10-02T13:33:35Z,2026-10-02T13:33:35Z,complete,head,true,true,true,0,2026-10-02T13:33:50.578401Z,2026-10-02T13:33:51.300116Z,
0xd5fd1226beec613e4d350feb0cc1281f3f4ddabdf020a1ba508137f87cd0daa4,8453,logs,live,52079323,52079328,2026-10-02T13:33:13Z,2026-10-02T13:33:23Z,complete,head,true,true,true,0,2026-10-02T13:33:25.12631Z,2026-10-02T13:33:27.568735Z,
0xe34307304ddb6f31e8887c6a0af74d5a72e1ab51b4fe0c8df6d4a6e56cde9934,42161,logs,catchup,510998742,510998788,2026-10-02T13:33:15Z,2026-10-02T13:33:26Z,complete,head,true,true,true,0,2026-10-02T13:33:27.873772Z,2026-10-02T13:33:32.902917Z,
0xe543a57445a8a73d85a498eb50207793f1787140c1993dc1939404f37fbfebd4,8453,receipts,research,52079336,52079336,2026-10-02T13:33:39Z,2026-10-02T13:33:39Z,complete,head,true,true,true,0,2026-10-02T13:33:49.673669Z,2026-10-02T13:33:50.383963Z,
0xec71e9f9790f576d2802aa9ff99054372587cd1120448ef599f3ac3bdbed1ed0,8453,receipts,research,52079314,52079314,2026-10-02T13:32:55Z,2026-10-02T13:32:55Z,complete,head,true,true,true,0,2026-10-02T13:33:11.198225Z,2026-10-02T13:33:11.855502Z,
0xecbc2e6e1a33dacd60a619c5275818a090f4c0380a8bf5cb85107b8db58b4ca9,8453,logs,live,52079329,52079333,2026-10-02T13:33:25Z,2026-10-02T13:33:33Z,complete,head,true,true,true,0,2026-10-02T13:33:34.03403Z,2026-10-02T13:33:36.012747Z,
0xf948657140fae552475dbf055216759f43bcad52cf717d2745ac9b6e64851c29,42161,receipts,research,510998759,510998759,2026-10-02T13:33:19Z,2026-10-02T13:33:19Z,complete,head,true,true,true,0,2026-10-02T13:33:32.921626Z,2026-10-02T13:33:33.800366Z,
