origin_chain_id,destination_chain_id,deposit_id,relay_hash,origin_block_hash,deposit_time_utc,route_eligibility,input_usdc,original_output_usdc,original_terms_fee_space_usdc,fill_state,fill_time_utc,fill_type,actual_output_usdc,observed_fast_fill_fee_space_usdc,fill_chain_id,fill_block_hash,fill_tx_hash,repayment_chain_id,repayment_address,sender,fill_transaction_fee_wei_shared,fill_transaction_fee_complete,fill_transaction_fee_scope,first_live_available_at_utc,first_live_delay_ms,first_probe_state,ever_live_open,delay_2s_state,delay_5s_state,delay_10s_state,update_count,attribution,net_profit_usdt
42161,137,4709203,0x362dc9ac3b90c9287f3cf804fae7ae511622f6ff901dfb599c2a4b5b842f88c5,0x9fdd5ac94947e4266feccc0c24e32c08f98c3377af03466ddad23d84685b4d21,2026-10-02T13:33:29Z,excluded_route,301.692982,301.654484,,fill_unknown,,,,,,,,,,,,,,,,unknown,false,unknown,unknown,unknown,0,attribution_unknown,
42161,8453,4709202,0xcd86794b229ff4fb01706ec10ccb4ff238d81d14a9f1e0bbd61a32d1ad48aeaa,0xd4b0576ae961118cbdbdcc9a4da87a04182b0da73c343952970a886a7b2d62b5,2026-10-02T13:32:52Z,eligible_original_empty_terms,90.000000,89.987224,0.012776,filled,2026-10-02T13:32:55Z,0,89.987224,0.012776,8453,0x9ca07c745256c457bf71e7276820b0e6876034c8f35d0c1839f08a5214c83054,0x4255b8b55f3eccfb8afc71029d9ad7deaaafe845d01d816b3c0e550b003e480e,42161,0x000000000000000000000000d0588c940bdbfcfb5f3e8e3c843ed1462d9f828e,0xd0588c940bdbfcfb5f3e8e3c843ed1462d9f828e,,false,whole_transaction_shared_do_not_sum_orders,,,unknown,false,unknown,unknown,unknown,0,attribution_unknown,
42161,8453,4709201,0x4c0ec2788e8bd22acd8d407bfd8f48c56b8333e33fef431b047bbcc6472cbed8,0xd4b0576ae961118cbdbdcc9a4da87a04182b0da73c343952970a886a7b2d62b5,2026-10-02T13:32:52Z,excluded_token_or_spoke,292156041.697921,290150804.052839,,filled,2026-10-02T13:32:55Z,0,290150804.052839,,8453,0x9ca07c745256c457bf71e7276820b0e6876034c8f35d0c1839f08a5214c83054,0x3ab788ee8507ff3be236472bc61aa472a03b07cba33b72e0e3a1d7e563ee8db5,42161,0x000000000000000000000000d0588c940bdbfcfb5f3e8e3c843ed1462d9f828e,,,,whole_transaction_shared_do_not_sum_orders,,,unknown,false,unknown,unknown,unknown,0,attribution_unknown,
8453,56,6283271,0xac5a82d8027fd530536c57bf918aba4fb5235b4df82ab1b87f3488532fc13d9f,0x1e9c192ce5a94417b138deca7c2365774f0bde94d808563ba490961225caf288,2026-10-02T13:33:41Z,excluded_route,3000.000000,2999692293000000.000000,,fill_unknown,,,,,,,,,,,,,,2026-10-02T13:33:44.009652Z,3009,unknown,false,unknown,unknown,unknown,0,attribution_unknown,
8453,42161,101231450646999019872800489972311986698530828131759622909126978358465476706172,0xdaca3d257c926be01b05cbe34cc9b5d47c6c2ca3b8e2325791a537886a3a4c49,0x75abd31fe6a159af37a0356fa94452662f4da23da116b7e4917d9d7894be9938,2026-10-02T13:33:31Z,excluded_message,0.110569,0.084170,,filled,2026-10-02T13:33:32Z,0,0.084170,,42161,0xf4e60f5e90a74aa35d0a0283bd936a561790896ef2a6cd4d3690b7ead84c05fa,0xb6346561f48ebd4fcdc4f731094e5e23aea31416831365de7f20b7ef1a8a9d7c,8453,0x00000000000000000000000007ae8551be970cb1cca11dd7a11f47ae82e70e67,0x07ae8551be970cb1cca11dd7a11f47ae82e70e67,4468303253708,true,whole_transaction_shared_do_not_sum_orders,2026-10-02T13:33:35.798474Z,4798,unknown,false,unknown,unknown,unknown,0,attribution_unknown,
8453,42161,6283268,0x2865d136f654b6ca0d1c7350e88a54134e6588e6f24ab0dc56742162a4701361,0x824bd2fec3ac71e99f818a577711ea2518a6324ea7f9c9b069eeab53c0e8487b,2026-10-02T13:32:53Z,eligible_original_empty_terms,350.473500,350.430275,0.043225,filled,2026-10-02T13:32:53Z,0,350.430275,0.043225,42161,0x9e689d6ef0d88b3ffdf1b39dda98ba03406a5ef9bdb831b8eb4a48e31d48afdc,0x0407f4b51760459fd8c22e294ec819655b200af49aaa7e37bc973d86ed002d7c,8453,0x000000000000000000000000394311a6aaa0d8e3411d8b62de4578d41322d1bd,0x394311a6aaa0d8e3411d8b62de4578d41322d1bd,6303257352000,true,whole_transaction_shared_do_not_sum_orders,,,unknown,false,unknown,unknown,unknown,0,attribution_unknown,
8453,130,6283269,0x9e8913c454438fbee4ac4e508f79de5407071a3b6a0a15c3aba1e3d35b655ca0,0x9ca07c745256c457bf71e7276820b0e6876034c8f35d0c1839f08a5214c83054,2026-10-02T13:32:55Z,excluded_route,2605.411587,2605.147153,,fill_unknown,,,,,,,,,,,,,,,,unknown,false,unknown,unknown,unknown,0,attribution_unknown,
8453,59144,6283267,0x7d245c067e2fc485a1231dee14547318c97625325ed5dfff2d422b4d3edd0366,0x9eb780d2b0b8b8afebdd77896924e85cc7062ece5daeb8eba49595a1acfc935b,2026-10-02T13:32:39Z,excluded_route,755621132.324231,745150893.919033,,fill_unknown,,,,,,,,,,,,,,,,unknown,false,unknown,unknown,unknown,0,attribution_unknown,
8453,1,6283270,0x30f235574660a9fe0db2c28e12fa72b2a83cb7b17e8abc9b391ed66881384f81,0xd3a29a86759a4e58caf38360f496f3bd6b8b81fc161ab4f3c95dc06459ad23bd,2026-10-02T13:33:25Z,excluded_route,860000000000.000000,859743330934.760516,,fill_unknown,,,,,,,,,,,,,,,,unknown,false,unknown,unknown,unknown,0,attribution_unknown,
