capture_id,index,kind,source,effective_available_utc,status,reason,sun_per_energy,sun_per_bandwidth_byte,trx_usdt_bid,trx_usdt_ask
725efc3a-5b35-42dc-b6ea-937490bb3380,0,trx_usdt_bbo,binance,2026-10-02T19:26:57.449141Z,ok,,unknown,unknown,0.335,0.3351
237896d6-e507-432e-acef-e4801e8057b4,0,chain_resource,publicnode,2026-10-02T19:29:01.095864Z,ok,,100,1000,unknown,unknown
d57b332b-b896-4530-94f7-2aa2ef15d8f1,0,trx_usdt_bbo,binance,2026-10-02T19:27:56.11616Z,ok,,unknown,unknown,0.335,0.3351
a1715956-132f-41e1-8342-ed4c268632c3,0,trx_usdt_bbo,binance,2026-10-02T19:28:51.731637Z,ok,,unknown,unknown,0.335,0.3351
7f7d8f61-0e4d-4e19-a430-fecca3f19b11,0,trx_usdt_bbo,binance,2026-10-02T19:29:46.940754Z,ok,,unknown,unknown,0.335,0.3351
a3ec45d8-84e7-4678-8e49-c644e6696fec,0,trx_usdt_bbo,binance,2026-10-02T19:30:42.056499Z,ok,,unknown,unknown,0.335,0.3351
a5463333-c18a-4472-94de-ac8bdc52c157,0,chain_resource,publicnode,2026-10-02T19:31:27.614077Z,ok,,100,1000,unknown,unknown
5c0a9345-de19-4390-b060-5b274fcec554,0,trx_usdt_bbo,binance,2026-10-02T19:31:20.014202Z,ok,,unknown,unknown,0.335,0.3351
ff968e3a-cffd-487e-9fd0-520ac099aa4d,0,trx_usdt_bbo,binance,2026-10-02T19:32:16.957373Z,ok,,unknown,unknown,0.335,0.3351
5560d60a-ec9d-4529-8e34-63bed5ace957,0,trx_usdt_bbo,binance,2026-10-02T19:33:18.200936Z,ok,,unknown,unknown,0.335,0.3351
73014d7c-5fa3-4500-9e84-f8f49300d43a,0,trx_usdt_bbo,binance,2026-10-02T19:34:19.537981Z,ok,,unknown,unknown,0.335,0.3351
019136c4-a243-45d2-9cc9-b2e9cfb51c32,0,trx_usdt_bbo,binance,2026-10-02T19:35:18.709142Z,ok,,unknown,unknown,0.335,0.3351
0fa948dc-ee51-41ef-8e84-dc1373f67fd6,0,chain_resource,publicnode,2026-10-02T19:36:27.608445Z,ok,,100,1000,unknown,unknown
41c79dd1-e55f-4c92-9601-22c1a9e127eb,0,trx_usdt_bbo,binance,2026-10-02T19:36:20.679072Z,ok,,unknown,unknown,0.335,0.3351
6e5fd0f4-cedc-4b69-b2dd-bf764b309af3,0,trx_usdt_bbo,binance,2026-10-02T19:37:18.90527Z,ok,,unknown,unknown,0.335,0.3351
1207d3ab-a268-43f9-9b73-f1836f60b6e8,0,trx_usdt_bbo,binance,2026-10-02T19:38:19.369529Z,ok,,unknown,unknown,0.335,0.3351
635f4989-8464-469d-b995-eaf7956f6b6d,0,trx_usdt_bbo,binance,2026-10-02T19:39:20.213881Z,ok,,unknown,unknown,0.335,0.3351
f326db72-97c5-4c21-a87e-cb4834deb2f4,0,trx_usdt_bbo,binance,2026-10-02T19:40:20.357372Z,ok,,unknown,unknown,0.335,0.3351
609efc3f-11d4-4ec2-817b-7598a359365a,0,chain_resource,publicnode,2026-10-02T19:41:28.68444Z,ok,,100,1000,unknown,unknown
698a57e7-d09f-4311-9cb8-97fd5ba6c966,0,trx_usdt_bbo,binance,2026-10-02T19:41:23.852075Z,ok,,unknown,unknown,0.335,0.3351
742f65c3-8670-4a3c-9b4c-80ace2001613,0,trx_usdt_bbo,binance,2026-10-02T19:42:20.780544Z,ok,,unknown,unknown,0.335,0.3351
2991fd6b-be8e-495a-8338-de980f62ea42,0,trx_usdt_bbo,binance,2026-10-02T19:48:01.176021Z,ok,,unknown,unknown,0.335,0.3351
6f4f7959-6c1e-4860-b403-3c77480e9697,0,chain_resource,publicnode,2026-10-02T19:48:42.213061Z,ok,,100,1000,unknown,unknown
6053ae3a-6200-41db-aa4e-266c545ec9da,0,trx_usdt_bbo,binance,2026-10-02T19:48:28.996855Z,ok,,unknown,unknown,0.335,0.3351
6c2231f9-a1d2-40df-b7fe-bb172ddf71e5,0,trx_usdt_bbo,binance,2026-10-02T19:49:03.453155Z,ok,,unknown,unknown,0.335,0.3351
640943e7-6caa-440e-83c5-45536e137ef6,0,trx_usdt_bbo,binance,2026-10-02T19:50:05.333944Z,ok,,unknown,unknown,0.335,0.3351
5b53ae59-6cf9-4bac-a362-d51074cbdff0,0,trx_usdt_bbo,binance,2026-10-02T19:51:03.71832Z,ok,,unknown,unknown,0.335,0.3351
942b64a1-6469-43a3-b113-9a416a95b274,0,chain_resource,publicnode,2026-10-02T19:51:33.785461Z,ok,,100,1000,unknown,unknown
a5f67de9-603d-4f0c-81b6-b338cce252ec,0,trx_usdt_bbo,binance,2026-10-02T19:52:04.62057Z,ok,,unknown,unknown,0.335,0.3351
46c8cde8-7300-46ec-8983-333b4a878713,0,trx_usdt_bbo,binance,2026-10-02T19:53:05.094422Z,ok,,unknown,unknown,0.335,0.3351
8a00c854-0429-4eba-9df0-b07b5d69403e,0,trx_usdt_bbo,binance,2026-10-02T19:58:46.449405Z,ok,,unknown,unknown,0.3349,0.335
21b176ac-2e39-493d-9df4-0bbe359f8e8e,0,trx_usdt_bbo,binance,2026-10-02T19:59:43.293969Z,ok,,unknown,unknown,0.3349,0.335
