capture_id,mode,source,event,from,to,status,reason,pagination_exhausted,events
db7f523b-f5c4-4a41-b827-3641bb39f112,live,publicnode,,,,error,transport_error,false,0
477ea65a-9da5-4c6c-8a8b-49f99b87393d,live,publicnode,,,,complete,,false,0
01b70c72-62c4-455f-952f-0350511e9467,live,publicnode,,,,complete,,false,0
ebe8916f-0ea6-4921-99dd-cd6ce99053dd,live,binance,,,,uncommitted,invalid_legacy_gob_member_digest,false,0
7ec4edab-6dc0-48af-9b8e-2139d8197a8a,live,publicnode,,,,partial,json: cannot unmarshal number -1 into Go struct field .chainParameter.value of type uint64,false,0
a8aa1859-dda3-4c39-b121-db94987b232e,bootstrap,trongrid,RentResource,2026-10-01T19:00:31.623021Z,2026-10-02T19:00:31.623021Z,partial,pagination_continues,false,0
56ab69b9-42a1-4a61-b71d-22dd6e18e1b7,bootstrap,trongrid,ReturnResource,2026-10-01T19:00:31.623021Z,2026-10-02T19:00:31.623021Z,partial,pagination_continues,false,0
8e9df6c6-b429-4157-8abd-e4f0860fa360,bootstrap,trongrid,RentResource,2026-09-25T19:00:31.623021Z,2026-10-01T19:00:31.623021Z,partial,pagination_continues,false,0
26a847e7-b658-4fa7-861d-bfd8f35fdc6b,bootstrap,trongrid,ReturnResource,2026-09-25T19:00:31.623021Z,2026-10-01T19:00:31.623021Z,partial,pagination_continues,false,0
1e6f1fa8-06ab-4eca-b206-bf684d68a277,bootstrap,trongrid,RentResource,2026-09-02T19:00:31.623021Z,2026-09-25T19:00:31.623021Z,partial,pagination_continues,false,0
00eaae23-dc35-4dd2-8d61-f37c0a29e754,bootstrap,trongrid,ReturnResource,2026-09-02T19:00:31.623021Z,2026-09-25T19:00:31.623021Z,partial,pagination_continues,false,0
11807f7f-5e38-4356-b428-00be4ec3a910,live,binance,,,,uncommitted,invalid_legacy_gob_member_digest,false,0
72293727-9aab-4d43-b890-3d357b1e91e6,bootstrap,trongrid,RentResource,2026-10-01T19:00:31.623021Z,2026-10-02T19:00:31.623021Z,partial,pagination_continues,false,0
4391a21d-bc80-4d56-8e84-ea7f114924ea,bootstrap,trongrid,ReturnResource,2026-10-01T19:00:31.623021Z,2026-10-02T19:00:31.623021Z,partial,pagination_continues,false,0
458f47ed-2b70-4afb-8996-aeffb53983f1,bootstrap,trongrid,RentResource,2026-09-25T19:00:31.623021Z,2026-10-01T19:00:31.623021Z,partial,pagination_continues,false,0
5e764a3d-1523-404e-9b9c-dcf7392dc98a,bootstrap,trongrid,ReturnResource,2026-09-25T19:00:31.623021Z,2026-10-01T19:00:31.623021Z,partial,pagination_continues,false,0
d8a6a25c-0d14-40de-b164-eff192973264,bootstrap,trongrid,RentResource,2026-09-02T19:00:31.623021Z,2026-09-25T19:00:31.623021Z,partial,pagination_continues,false,0
59588e50-ce29-472d-a7c9-d72762a22a81,bootstrap,trongrid,ReturnResource,2026-09-02T19:00:31.623021Z,2026-09-25T19:00:31.623021Z,partial,pagination_continues,false,0
5126cce8-c0d2-45db-a09c-f8e10aa92c20,live,binance,,,,uncommitted,invalid_legacy_gob_member_digest,false,0
73299e65-2343-43ad-8cba-4b096b08f730,bootstrap,trongrid,RentResource,2026-10-01T19:00:31.623021Z,2026-10-02T19:00:31.623021Z,partial,pagination_continues,false,0
69e1ba66-c49a-4c21-a238-03ebddf87e46,bootstrap,trongrid,ReturnResource,2026-10-01T19:00:31.623021Z,2026-10-02T19:00:31.623021Z,partial,pagination_continues,false,0
44674c4c-ddb2-4711-a885-1364dc9758c7,bootstrap,trongrid,RentResource,2026-09-25T19:00:31.623021Z,2026-10-01T19:00:31.623021Z,partial,pagination_continues,false,0
a8527e2b-77f2-4e0d-af5e-c12b92d8f392,bootstrap,trongrid,ReturnResource,2026-09-25T19:00:31.623021Z,2026-10-01T19:00:31.623021Z,partial,pagination_continues,false,0
6c4a86ba-4599-4414-be34-aee2044ba4e9,bootstrap,trongrid,RentResource,2026-09-02T19:00:31.623021Z,2026-09-25T19:00:31.623021Z,partial,pagination_continues,false,0
03b43218-bdc7-40f3-ab6b-62a8f703e0ee,bootstrap,trongrid,ReturnResource,2026-09-02T19:00:31.623021Z,2026-09-25T19:00:31.623021Z,partial,pagination_continues,false,0
7c2ed946-c9fc-4851-9a5b-656213edd3a6,live,binance,,,,uncommitted,invalid_legacy_gob_member_digest,false,0
643f89f3-4dba-41c3-be6e-2c0c2f9095c9,bootstrap,trongrid,RentResource,2026-10-01T19:00:31.623021Z,2026-10-02T19:00:31.623021Z,partial,pagination_continues,false,0
44d9a0f3-b8f9-46f1-bd3f-ed16c1e23343,bootstrap,trongrid,ReturnResource,2026-10-01T19:00:31.623021Z,2026-10-02T19:00:31.623021Z,complete,,true,0
29714256-bb6e-4dc6-b831-1d663d20db8e,bootstrap,trongrid,RentResource,2026-09-25T19:00:31.623021Z,2026-10-01T19:00:31.623021Z,partial,pagination_continues,false,0
d090c1f3-1127-4a53-9e0d-c40eac78a029,live,publicnode,,,,complete,,false,0
725efc3a-5b35-42dc-b6ea-937490bb3380,live,binance,,,,complete,,false,0
237896d6-e507-432e-acef-e4801e8057b4,live,publicnode,,,,complete,,false,0
62f5b1c8-27df-44b9-be81-502a050ac2ec,bootstrap,trongrid,ReturnResource,2026-09-25T19:00:31.623021Z,2026-10-01T19:00:31.623021Z,partial,pagination_continues,false,0
c2e0b56f-8d64-4d20-9ad9-2b9f1a097219,bootstrap,trongrid,RentResource,2026-09-02T19:00:31.623021Z,2026-09-25T19:00:31.623021Z,partial,pagination_continues,false,0
7d86d621-5d43-485c-912f-69868b4bb058,bootstrap,trongrid,ReturnResource,2026-09-02T19:00:31.623021Z,2026-09-25T19:00:31.623021Z,partial,pagination_continues,false,0
d57b332b-b896-4530-94f7-2aa2ef15d8f1,live,binance,,,,complete,,false,0
40257673-148c-4e75-a59c-bfdf7ed6e801,bootstrap,trongrid,RentResource,2026-10-01T19:00:31.623021Z,2026-10-02T19:00:31.623021Z,partial,pagination_continues,false,0
ab07e71c-b88f-4642-8a8a-57c5c11c6b6a,bootstrap,trongrid,RentResource,2026-09-25T19:00:31.623021Z,2026-10-01T19:00:31.623021Z,partial,pagination_continues,false,0
856d33e9-ade7-4808-b575-a0359aaa7cd2,bootstrap,trongrid,ReturnResource,2026-09-25T19:00:31.623021Z,2026-10-01T19:00:31.623021Z,partial,pagination_continues,false,0
95070611-dc31-4335-ba1b-a8b97a0d2e3d,bootstrap,trongrid,RentResource,2026-09-02T19:00:31.623021Z,2026-09-25T19:00:31.623021Z,partial,pagination_continues,false,0
6c86e248-70f8-464d-a80a-a85b25cac078,bootstrap,trongrid,ReturnResource,2026-09-02T19:00:31.623021Z,2026-09-25T19:00:31.623021Z,partial,pagination_continues,false,0
a1715956-132f-41e1-8342-ed4c268632c3,live,binance,,,,complete,,false,0
93af572e-5859-4e6f-8f66-3b599bd3bf05,bootstrap,trongrid,RentResource,2026-10-01T19:00:31.623021Z,2026-10-02T19:00:31.623021Z,partial,pagination_continues,false,0
0c7c0efd-36c2-49c6-bd1e-2036f2edd285,bootstrap,trongrid,RentResource,2026-09-25T19:00:31.623021Z,2026-10-01T19:00:31.623021Z,partial,pagination_continues,false,0
50696ec3-09f3-4514-82e0-118895b6a4f2,bootstrap,trongrid,ReturnResource,2026-09-25T19:00:31.623021Z,2026-10-01T19:00:31.623021Z,partial,pagination_continues,false,0
edea58e4-9ce5-4ee9-9ee2-aca7f8a99072,bootstrap,trongrid,RentResource,2026-09-02T19:00:31.623021Z,2026-09-25T19:00:31.623021Z,partial,pagination_continues,false,0
7f7d8f61-0e4d-4e19-a430-fecca3f19b11,live,binance,,,,complete,,false,0
7ba8245d-4a37-4cb9-ab8d-0f3e9b10925a,bootstrap,trongrid,ReturnResource,2026-09-02T19:00:31.623021Z,2026-09-25T19:00:31.623021Z,partial,pagination_continues,false,0
3ff1fec5-ed28-41f1-abb3-4def72f573db,bootstrap,trongrid,RentResource,2026-10-01T19:00:31.623021Z,2026-10-02T19:00:31.623021Z,partial,pagination_continues,false,0
c3d85317-20ea-4a4a-aaae-9276d2dad7da,bootstrap,trongrid,RentResource,2026-09-25T19:00:31.623021Z,2026-10-01T19:00:31.623021Z,partial,pagination_continues,false,0
83221db7-f91f-4102-a6d4-b4f680649ea1,bootstrap,trongrid,ReturnResource,2026-09-25T19:00:31.623021Z,2026-10-01T19:00:31.623021Z,partial,pagination_continues,false,0
a3ec45d8-84e7-4678-8e49-c644e6696fec,live,binance,,,,complete,,false,0
f8a30459-0fec-4a0b-8cce-499a725f4c86,bootstrap,trongrid,RentResource,2026-09-02T19:00:31.623021Z,2026-09-25T19:00:31.623021Z,partial,pagination_continues,false,0
202ba07e-9a6e-4b7a-99a2-29008c568c7e,bootstrap,trongrid,ReturnResource,2026-09-02T19:00:31.623021Z,2026-09-25T19:00:31.623021Z,partial,pagination_continues,false,0
5290deb9-4faa-4ca3-a039-13462b0a4576,bootstrap,trongrid,RentResource,2026-10-01T19:00:31.623021Z,2026-10-02T19:00:31.623021Z,partial,pagination_continues,false,0
1c5059ff-90a8-4564-ba3f-e11ee16757b9,bootstrap,trongrid,RentResource,2026-09-25T19:00:31.623021Z,2026-10-01T19:00:31.623021Z,partial,pagination_continues,false,0
17710fb2-3626-41de-98f9-55476128194e,bootstrap,trongrid,ReturnResource,2026-09-25T19:00:31.623021Z,2026-10-01T19:00:31.623021Z,partial,pagination_continues,false,0
a557495f-afe7-4692-bb09-21a4ab3d9a03,bootstrap,trongrid,RentResource,2026-09-02T19:00:31.623021Z,2026-09-25T19:00:31.623021Z,partial,pagination_continues,false,0
10d3de65-1187-49d0-a61d-8661689bb21d,live,publicnode,,,,complete,,false,0
a5463333-c18a-4472-94de-ac8bdc52c157,live,publicnode,,,,complete,,false,0
5c0a9345-de19-4390-b060-5b274fcec554,live,binance,,,,complete,,false,0
3a126e06-8a38-4355-a7e6-ed695738f24b,bootstrap,trongrid,ReturnResource,2026-09-02T19:00:31.623021Z,2026-09-25T19:00:31.623021Z,partial,pagination_continues,false,0
f51b88ef-2445-4bbd-969f-463c3b5d53fc,bootstrap,trongrid,RentResource,2026-10-01T19:00:31.623021Z,2026-10-02T19:00:31.623021Z,complete,,true,0
915eab44-4774-4dd6-a25f-fcca817b9116,bootstrap,trongrid,RentResource,2026-09-25T19:00:31.623021Z,2026-10-01T19:00:31.623021Z,partial,pagination_continues,false,0
f2863154-c2bb-4964-94f2-5d18c3191da3,bootstrap,trongrid,ReturnResource,2026-09-25T19:00:31.623021Z,2026-10-01T19:00:31.623021Z,partial,pagination_continues,false,0
86156a06-1603-4be9-82b5-929b70db2703,bootstrap,trongrid,RentResource,2026-09-02T19:00:31.623021Z,2026-09-25T19:00:31.623021Z,partial,pagination_continues,false,0
cd2c7b6b-471a-42c7-9eee-13fc4af5d85c,bootstrap,trongrid,ReturnResource,2026-09-02T19:00:31.623021Z,2026-09-25T19:00:31.623021Z,partial,pagination_continues,false,0
ff968e3a-cffd-487e-9fd0-520ac099aa4d,live,binance,,,,complete,,false,0
d0815842-68d9-41cf-ab5a-96cc6c266633,bootstrap,trongrid,RentResource,2026-09-25T19:00:31.623021Z,2026-10-01T19:00:31.623021Z,partial,page_budget_exhausted,false,0
6fef83bb-5f78-4e62-8d55-1239ae082995,bootstrap,trongrid,ReturnResource,2026-09-25T19:00:31.623021Z,2026-10-01T19:00:31.623021Z,partial,page_budget_exhausted,false,0
455a310b-278b-4cf0-a6ee-4bb9f07e6845,bootstrap,trongrid,RentResource,2026-09-02T19:00:31.623021Z,2026-09-25T19:00:31.623021Z,partial,page_budget_exhausted,false,0
e02c2034-24e7-4ce4-9f7f-b309e3f78daa,bootstrap,trongrid,ReturnResource,2026-09-02T19:00:31.623021Z,2026-09-25T19:00:31.623021Z,partial,page_budget_exhausted,false,0
5560d60a-ec9d-4529-8e34-63bed5ace957,live,binance,,,,complete,,false,0
d6f2a1ce-977a-49c2-bf6d-13dde0b15de3,catchup,publicnode,,,,partial,event_receipt_log_mismatch,false,0
5eab0838-4be8-45f2-a0f3-99d45397c4f2,catchup,publicnode,,,,partial,event_receipt_log_mismatch,false,0
00026db0-167c-4854-bc70-c2da4215910a,catchup,publicnode,,,,partial,event_receipt_log_mismatch,false,0
c6cc7aeb-9134-4148-83e6-8782e2269fa1,catchup,publicnode,,,,partial,event_receipt_log_mismatch,false,0
ed87e912-e11b-4886-92c3-38cc9fd73c5c,catchup,publicnode,,,,partial,event_receipt_log_mismatch,false,0
482a4c97-1e34-40dd-901c-5cb1857e5773,catchup,publicnode,,,,partial,event_receipt_log_mismatch,false,0
13f031ff-5932-4fcd-9792-c2364042a389,catchup,publicnode,,,,partial,event_receipt_log_mismatch,false,0
7adcbf18-d9fc-46c7-91ba-706fe08bfceb,catchup,publicnode,,,,partial,event_receipt_log_mismatch,false,0
bb6909e6-dddb-41e2-942d-b2ef42ead1be,catchup,publicnode,,,,partial,event_receipt_log_mismatch,false,0
b1d899eb-86b6-4080-a290-cd438ea9608f,catchup,publicnode,,,,partial,event_receipt_log_mismatch,false,0
5ff62b50-5fd2-4c68-8e39-7062f335ea5b,catchup,publicnode,,,,partial,event_receipt_log_mismatch,false,0
8a7a6f4a-87ae-424f-8a69-3a5d3a384414,catchup,publicnode,,,,partial,event_receipt_log_mismatch,false,0
2233791d-1c73-4ebe-b116-bc95f9a3d78d,catchup,publicnode,,,,partial,event_receipt_log_mismatch,false,0
dce96c19-fb3c-432e-b6ba-48a37151a28a,catchup,publicnode,,,,partial,event_receipt_log_mismatch,false,0
2a72aa20-513f-4e26-befc-c0f3160631bd,catchup,publicnode,,,,partial,event_receipt_log_mismatch,false,0
8ebce00b-4d82-4783-8d19-bf25d789b5f8,catchup,publicnode,,,,partial,event_receipt_log_mismatch,false,0
55a18aae-c74c-4c4f-b49d-caff40bdc709,catchup,publicnode,,,,partial,event_receipt_log_mismatch,false,0
7ba61280-9a31-47e9-a3ea-0d81659a8452,catchup,publicnode,,,,partial,event_receipt_log_mismatch,false,0
ace36462-80cb-461f-8606-ae7b24a36016,catchup,publicnode,,,,partial,event_receipt_log_mismatch,false,0
e5d59157-00cd-4db1-874d-445643822986,catchup,publicnode,,,,partial,event_receipt_log_mismatch,false,0
921d9028-99dd-470e-8ebe-56eed9bc7ceb,catchup,publicnode,,,,partial,event_receipt_log_mismatch,false,0
4b7d9810-2a5d-4675-be28-b6d15b6af88a,catchup,publicnode,,,,partial,event_receipt_log_mismatch,false,0
137f62de-9c9b-4ae7-ba70-96cff1ca16df,catchup,publicnode,,,,partial,event_receipt_log_mismatch,false,0
09d9ae8e-58b0-4bf9-8d56-b6a40cfda531,catchup,publicnode,,,,partial,event_receipt_log_mismatch,false,0
ff794425-b95e-4520-9b75-8ec5f8f80590,catchup,publicnode,,,,partial,event_receipt_log_mismatch,false,0
94d5867e-5b9f-4b7f-bf68-3c05b30e9727,catchup,publicnode,,,,partial,event_receipt_log_mismatch,false,0
bb790281-2bc1-4af9-b28d-4c4605d555f8,catchup,publicnode,,,,partial,event_receipt_log_mismatch,false,0
189ea77e-e57f-4e1b-8409-dc11aab10b99,catchup,publicnode,,,,partial,event_receipt_log_mismatch,false,0
abbb9163-e894-4ad4-9827-ebf2bfc315cf,catchup,publicnode,,,,partial,event_receipt_log_mismatch,false,0
35c501b5-dd84-4d40-b7da-f4c008dd41c0,catchup,publicnode,,,,partial,event_receipt_log_mismatch,false,0
c8f60021-9dfe-4598-a730-395e9349c5da,catchup,publicnode,,,,partial,event_receipt_log_mismatch,false,0
ab392fbc-e8e5-40f0-a118-08535c89c4ba,catchup,publicnode,,,,partial,event_receipt_log_mismatch,false,0
0f8e48c4-73e9-4eaf-a368-2c279fbea141,catchup,publicnode,,,,partial,event_receipt_log_mismatch,false,0
3b73fd92-9012-438c-8228-ff3d34a3aa50,catchup,publicnode,,,,partial,event_receipt_log_mismatch,false,0
719aa1ed-5419-45fb-bd98-323c2d890e92,catchup,publicnode,,,,partial,event_receipt_log_mismatch,false,0
fc6cc313-34f2-46a6-b9e4-a618de02ed76,catchup,publicnode,,,,partial,event_receipt_log_mismatch,false,0
fbd9ad1b-5941-4de5-ad26-80f8814b4f1b,catchup,publicnode,,,,partial,event_receipt_log_mismatch,false,0
d3b61d50-0e30-4be9-bff9-c5f16c1a6f66,catchup,publicnode,,,,partial,event_receipt_log_mismatch,false,0
27b8c885-f37b-478b-89c8-0a5e5a97efc6,catchup,publicnode,,,,skipped,same_block_candidate_ambiguous,false,0
224537e0-d6fa-4fc1-ab68-d033db28c0fc,catchup,publicnode,,,,partial,event_receipt_log_mismatch,false,0
ca837db0-9886-45b3-a69b-4ea68e8c2f83,catchup,publicnode,,,,partial,event_receipt_log_mismatch,false,0
a0914293-353e-4851-a541-8fcc75b6cf00,catchup,publicnode,,,,partial,event_receipt_log_mismatch,false,0
050c2974-b311-40bd-9653-dc6db3b53f67,catchup,publicnode,,,,partial,event_receipt_log_mismatch,false,0
e179f8b4-80eb-4eb9-a9f8-94473d4ef4f2,catchup,publicnode,,,,partial,event_receipt_log_mismatch,false,0
6dc918b8-2e19-45c5-80d3-2c0b54b78a85,catchup,publicnode,,,,partial,event_receipt_log_mismatch,false,0
7d5930bb-7af5-42ba-935e-7f1e1d4f7eb1,catchup,publicnode,,,,partial,event_receipt_log_mismatch,false,0
ba4076a2-6e36-4f08-bdd3-fef6bd54de26,catchup,publicnode,,,,partial,event_receipt_log_mismatch,false,0
29d8a357-e12c-47fd-98a7-8650f6dcac5e,catchup,publicnode,,,,partial,event_receipt_log_mismatch,false,0
b493923e-d960-4e0e-97cb-33b97f16498b,catchup,publicnode,,,,partial,event_receipt_log_mismatch,false,0
28d72a9a-6ae2-42da-ab68-73b102c28ebd,catchup,publicnode,,,,partial,event_receipt_log_mismatch,false,0
73014d7c-5fa3-4500-9e84-f8f49300d43a,live,binance,,,,complete,,false,0
019136c4-a243-45d2-9cc9-b2e9cfb51c32,live,binance,,,,complete,,false,0
08e6ef87-d19f-4c11-9576-e856ea1913c5,live,publicnode,,,,complete,,false,0
0fa948dc-ee51-41ef-8e84-dc1373f67fd6,live,publicnode,,,,complete,,false,0
41c79dd1-e55f-4c92-9601-22c1a9e127eb,live,binance,,,,complete,,false,0
6e5fd0f4-cedc-4b69-b2dd-bf764b309af3,live,binance,,,,complete,,false,0
1207d3ab-a268-43f9-9b73-f1836f60b6e8,live,binance,,,,complete,,false,0
635f4989-8464-469d-b995-eaf7956f6b6d,live,binance,,,,complete,,false,0
f326db72-97c5-4c21-a87e-cb4834deb2f4,live,binance,,,,complete,,false,0
d659f728-f760-4bde-b94c-9de63486bd9a,live,publicnode,,,,complete,,false,0
609efc3f-11d4-4ec2-817b-7598a359365a,live,publicnode,,,,complete,,false,0
698a57e7-d09f-4311-9cb8-97fd5ba6c966,live,binance,,,,complete,,false,0
742f65c3-8670-4a3c-9b4c-80ace2001613,live,binance,,,,complete,,false,0
2991fd6b-be8e-495a-8338-de980f62ea42,live,binance,,,,complete,,false,0
06ffddcd-9481-48f2-b7cd-c16e56cc25be,live,publicnode,,,,complete,,false,0
6f4f7959-6c1e-4860-b403-3c77480e9697,live,publicnode,,,,complete,,false,0
6053ae3a-6200-41db-aa4e-266c545ec9da,live,binance,,,,complete,,false,0
6c2231f9-a1d2-40df-b7fe-bb172ddf71e5,live,binance,,,,complete,,false,0
640943e7-6caa-440e-83c5-45536e137ef6,live,binance,,,,complete,,false,0
5b53ae59-6cf9-4bac-a362-d51074cbdff0,live,binance,,,,complete,,false,0
72050546-4726-4262-97cb-b626d57d7241,catchup,trongrid,Liquidate,2026-10-02T19:00:31.623021Z,2026-10-02T19:05:31.623021Z,complete,,true,0
8eaf2875-fb47-44af-96e1-45d2056acbbd,catchup,trongrid,RentResource,2026-10-02T19:00:31.623021Z,2026-10-02T19:05:31.623021Z,complete,,true,0
b146f684-f371-4115-b9cb-7bddf671e243,catchup,trongrid,ReturnResource,2026-10-02T19:00:31.623021Z,2026-10-02T19:05:31.623021Z,complete,,true,0
16da688e-bee2-41de-9f33-bef6e766c085,live,publicnode,,,,skipped,caller_conflict_or_unverified_candidate,false,0
009e2cc0-858a-412e-941c-848cf7382f54,live,publicnode,,,,skipped,caller_conflict_or_unverified_candidate,false,0
2a1d6084-f3b2-40dd-95d5-e4408433724c,live,publicnode,,,,skipped,caller_conflict_or_unverified_candidate,false,0
d912d558-ef76-4b31-9789-eb0b48ef81fa,live,publicnode,,,,skipped,caller_conflict_or_unverified_candidate,false,0
5c9ab395-d39b-41ed-921c-9e8d675df2e9,live,publicnode,,,,skipped,caller_conflict_or_unverified_candidate,false,0
5aa48fbc-0884-4070-91c9-fb85f47adaab,live,publicnode,,,,complete,,false,0
942b64a1-6469-43a3-b113-9a416a95b274,live,publicnode,,,,complete,,false,0
2769e919-ee9e-40a9-a19a-22d76c4eaad6,catchup,trongrid,Liquidate,2026-10-02T19:05:31.623021Z,2026-10-02T19:10:31.623021Z,complete,,true,0
c29a1e64-2a3f-40ac-b33d-a6fa5fc7a8e8,live,publicnode,,,,skipped,caller_conflict_or_unverified_candidate,false,0
24d92daa-d047-4ee4-b454-684987da497d,live,publicnode,,,,skipped,caller_conflict_or_unverified_candidate,false,0
d21d0c00-8c5b-43a3-8e52-273c4c0214fc,live,publicnode,,,,skipped,caller_conflict_or_unverified_candidate,false,0
7a5cd43a-c39a-4f56-9716-c1e02c864443,live,publicnode,,,,skipped,caller_conflict_or_unverified_candidate,false,0
bffe8067-fbac-4f56-bb4d-6ef9c1269aa8,live,publicnode,,,,skipped,caller_conflict_or_unverified_candidate,false,0
a5f67de9-603d-4f0c-81b6-b338cce252ec,live,binance,,,,complete,,false,0
21cab805-bdbd-442c-85ce-815eca5bcac6,catchup,trongrid,Liquidate,2026-10-02T19:10:31.623021Z,2026-10-02T19:15:31.623021Z,complete,,true,0
45cc3b4a-95d4-407e-83e9-1a7c86aaea62,catchup,trongrid,RentResource,2026-10-02T19:05:31.623021Z,2026-10-02T19:10:31.623021Z,complete,,true,0
ac476e20-ef94-4430-9ab7-14ecd3e2cbea,catchup,trongrid,ReturnResource,2026-10-02T19:05:31.623021Z,2026-10-02T19:10:31.623021Z,complete,,true,0
3f798454-2da4-4ad0-858e-891f0df7367b,live,publicnode,,,,skipped,caller_conflict_or_unverified_candidate,false,0
2ef9edac-6e45-4d55-a733-340527436a61,live,publicnode,,,,skipped,caller_conflict_or_unverified_candidate,false,0
b1d88830-c83d-4b9e-959a-f07c958141be,live,publicnode,,,,skipped,caller_conflict_or_unverified_candidate,false,0
fcdf1e2a-955f-44ad-910d-16fffb0a35af,live,publicnode,,,,skipped,caller_conflict_or_unverified_candidate,false,0
bb078e05-30b8-4f98-957c-761313aa83c0,live,publicnode,,,,skipped,caller_conflict_or_unverified_candidate,false,0
ac9ba536-9d87-40d8-90f6-42f316b3d2b6,catchup,trongrid,Liquidate,2026-10-02T19:15:31.623021Z,2026-10-02T19:20:31.623021Z,complete,,true,0
f65ff573-2154-4387-a884-8a55c78f6e28,catchup,trongrid,RentResource,2026-10-02T19:10:31.623021Z,2026-10-02T19:15:31.623021Z,complete,,true,0
406c902c-79db-4233-a7c1-370c575aeecd,catchup,trongrid,ReturnResource,2026-10-02T19:10:31.623021Z,2026-10-02T19:15:31.623021Z,complete,,true,0
8407bbb8-205e-4bbb-81c3-b7281c0d23ca,live,publicnode,,,,skipped,caller_conflict_or_unverified_candidate,false,0
edeffe0d-58a7-4f76-a0e2-08f63629c0db,live,publicnode,,,,skipped,caller_conflict_or_unverified_candidate,false,0
f30b4397-51ef-488d-87b2-3c815e44fd11,live,publicnode,,,,skipped,caller_conflict_or_unverified_candidate,false,0
e5b9104b-8f5e-4167-b087-d96c6e422dc1,live,publicnode,,,,skipped,caller_conflict_or_unverified_candidate,false,0
1f53cfdd-5221-4483-8d60-a529ce581ab4,live,publicnode,,,,skipped,caller_conflict_or_unverified_candidate,false,0
46c8cde8-7300-46ec-8983-333b4a878713,live,binance,,,,complete,,false,0
afd21616-03e5-400a-8765-e6030aa30f49,catchup,trongrid,Liquidate,2026-10-02T19:20:31.623021Z,2026-10-02T19:25:31.623021Z,complete,,true,0
f0d15101-86e4-478d-927f-f00703111043,catchup,trongrid,RentResource,2026-10-02T19:15:31.623021Z,2026-10-02T19:20:31.623021Z,complete,,true,0
887f9da8-565b-4d1c-acb8-02673a781750,live,publicnode,,,,skipped,caller_conflict_or_unverified_candidate,false,0
4d071a4e-8777-4bf4-b6fb-7bbb59f2a6c7,live,publicnode,,,,skipped,caller_conflict_or_unverified_candidate,false,0
2f77c0c9-8af8-470a-8978-b5a17633648c,live,publicnode,,,,skipped,caller_conflict_or_unverified_candidate,false,0
14390dc9-030a-486d-bb62-2f7bac446a01,live,publicnode,,,,skipped,caller_conflict_or_unverified_candidate,false,0
62fe6708-6e0f-4eeb-ad64-bd0df04e02f5,live,publicnode,,,,skipped,caller_conflict_or_unverified_candidate,false,0
3fb42b04-3d25-4e7a-8740-bf9a08ec9377,catchup,trongrid,Liquidate,2026-10-02T19:25:31.623021Z,2026-10-02T19:30:31.623021Z,complete,,true,0
4c21c045-7b06-423d-86f9-a3eef1591369,catchup,trongrid,RentResource,2026-10-02T19:20:31.623021Z,2026-10-02T19:25:31.623021Z,complete,,true,0
ec3ce00d-33b2-444e-bdfa-e2e238d36321,catchup,trongrid,ReturnResource,2026-10-02T19:15:31.623021Z,2026-10-02T19:20:31.623021Z,complete,,true,0
551a966d-eb3e-460d-b457-4dfaaf9619d8,live,publicnode,,,,skipped,caller_conflict_or_unverified_candidate,false,0
191c08c8-628d-4980-9a68-906748a343bb,live,publicnode,,,,skipped,caller_conflict_or_unverified_candidate,false,0
69433595-4846-48de-8ac6-d16fe53be346,live,publicnode,,,,skipped,caller_conflict_or_unverified_candidate,false,0
92310ae1-3f91-4afd-b64c-fd72639bfadd,live,publicnode,,,,skipped,caller_conflict_or_unverified_candidate,false,0
338cbedf-0cdc-478d-81c5-1ae51a3395b7,live,publicnode,,,,skipped,caller_conflict_or_unverified_candidate,false,0
8a00c854-0429-4eba-9df0-b07b5d69403e,live,binance,,,,complete,,false,0
948c099d-c3bd-4329-ad36-a6378a21f221,live,publicnode,,,,skipped,caller_conflict_or_unverified_candidate,false,0
765cea86-ea45-4594-996c-3d8b4e3be0a8,live,publicnode,,,,skipped,caller_conflict_or_unverified_candidate,false,0
302ceb91-b157-4376-938a-fa9e88ef6980,live,publicnode,,,,skipped,caller_conflict_or_unverified_candidate,false,0
197d1df6-4665-4a40-8485-bafbf4ffa7d5,live,publicnode,,,,skipped,caller_conflict_or_unverified_candidate,false,0
7b426a92-289f-4c6b-8bcb-e686d797903b,live,publicnode,,,,skipped,caller_conflict_or_unverified_candidate,false,0
7e808288-925b-4811-87ab-02d514343535,live,publicnode,,,,skipped,caller_conflict_or_unverified_candidate,false,0
501855e6-0d44-4c79-b962-70f9cdf7baeb,live,publicnode,,,,skipped,caller_conflict_or_unverified_candidate,false,0
a34a0948-ad43-4bc1-97e9-7d38a6c8a265,live,publicnode,,,,skipped,caller_conflict_or_unverified_candidate,false,0
fb036c7f-13ec-40d3-a405-d7b36a098250,live,publicnode,,,,skipped,caller_conflict_or_unverified_candidate,false,0
3aada5a0-f406-402e-8491-f60ec6b37652,live,publicnode,,,,skipped,caller_conflict_or_unverified_candidate,false,0
21b176ac-2e39-493d-9df4-0bbe359f8e8e,live,binance,,,,complete,,false,0
6427e846-7d10-4336-b773-f9680a85e05f,live,publicnode,,,,skipped,caller_conflict_or_unverified_candidate,false,0
ffbb91b5-66c1-4584-b9c8-bdac24595a57,live,publicnode,,,,skipped,caller_conflict_or_unverified_candidate,false,0
d4602a1a-446e-44d2-868d-6952d6fc8fad,live,publicnode,,,,skipped,caller_conflict_or_unverified_candidate,false,0
753c25c8-84ee-41af-8c8a-c0da1ab7eecb,live,publicnode,,,,skipped,caller_conflict_or_unverified_candidate,false,0
2368414e-2a2f-4982-8996-0bd29d10912f,live,publicnode,,,,skipped,caller_conflict_or_unverified_candidate,false,0
4b137443-0c0e-4919-8f78-90cad7843fce,live,publicnode,,,,skipped,caller_conflict_or_unverified_candidate,false,0
cab7de5e-2116-4f4e-b19c-ce9486cf0193,live,publicnode,,,,skipped,caller_conflict_or_unverified_candidate,false,0
c649cae3-396c-4da3-b561-03fa5c8e6ace,live,publicnode,,,,skipped,caller_conflict_or_unverified_candidate,false,0
b0de8238-c63a-4f5b-a899-f72f561e3110,live,publicnode,,,,skipped,caller_conflict_or_unverified_candidate,false,0
c80fac99-9bf7-4595-9976-c460c80e80b0,live,publicnode,,,,skipped,caller_conflict_or_unverified_candidate,false,0
