chain_id,spoke_pool,block_hash,tx_hash,log_index,block_time_utc,event_kind,root_bundle_id,leaf_id,caller_credit_address,recipient,expected_usdc,verified_usdc,payment_status,transfer_log_index,deferred_refunds,order_attribution,route_membership
42161,0xe35e9842fceaca96570b734083f4a58e8f7c5f2a,0xfacaaa72e8d30c8ec204dbabf4c49f361cbaae4ba29d89f71db757ed7d14b086,0x5e20d373d6e8693afbff07e6498ccb10a42cafdc8d3bcd8da63577e3b79caad6,20,2026-10-02T13:27:07Z,leaf_execution,29239,33,0xf7bac63fc7ceacf0589f25454ecf5c2ce904997c,0xfd03abcadaf3f930fa4e37eb2f6ea3a44a41b7f0,28648.350282,28648.350282,verified_transfer,15,false,attribution_unknown,other_origins_or_user_refunds_possible
42161,0xe35e9842fceaca96570b734083f4a58e8f7c5f2a,0xfacaaa72e8d30c8ec204dbabf4c49f361cbaae4ba29d89f71db757ed7d14b086,0x5e20d373d6e8693afbff07e6498ccb10a42cafdc8d3bcd8da63577e3b79caad6,20,2026-10-02T13:27:07Z,leaf_execution,29239,33,0xf7bac63fc7ceacf0589f25454ecf5c2ce904997c,0x394311a6aaa0d8e3411d8b62de4578d41322d1bd,6593.433129,6593.433129,verified_transfer,16,false,attribution_unknown,other_origins_or_user_refunds_possible
42161,0xe35e9842fceaca96570b734083f4a58e8f7c5f2a,0xfacaaa72e8d30c8ec204dbabf4c49f361cbaae4ba29d89f71db757ed7d14b086,0x5e20d373d6e8693afbff07e6498ccb10a42cafdc8d3bcd8da63577e3b79caad6,20,2026-10-02T13:27:07Z,leaf_execution,29239,33,0xf7bac63fc7ceacf0589f25454ecf5c2ce904997c,0x07ae8551be970cb1cca11dd7a11f47ae82e70e67,5358.309381,5358.309381,verified_transfer,17,false,attribution_unknown,other_origins_or_user_refunds_possible
42161,0xe35e9842fceaca96570b734083f4a58e8f7c5f2a,0xfacaaa72e8d30c8ec204dbabf4c49f361cbaae4ba29d89f71db757ed7d14b086,0x5e20d373d6e8693afbff07e6498ccb10a42cafdc8d3bcd8da63577e3b79caad6,20,2026-10-02T13:27:07Z,leaf_execution,29239,33,0xf7bac63fc7ceacf0589f25454ecf5c2ce904997c,0xef1ec136931ab5728b0783fd87d109c9d15d31f1,5000.006035,5000.006035,verified_transfer,18,false,attribution_unknown,other_origins_or_user_refunds_possible
42161,0xe35e9842fceaca96570b734083f4a58e8f7c5f2a,0xfacaaa72e8d30c8ec204dbabf4c49f361cbaae4ba29d89f71db757ed7d14b086,0x5e20d373d6e8693afbff07e6498ccb10a42cafdc8d3bcd8da63577e3b79caad6,20,2026-10-02T13:27:07Z,leaf_execution,29239,33,0xf7bac63fc7ceacf0589f25454ecf5c2ce904997c,0xd0588c940bdbfcfb5f3e8e3c843ed1462d9f828e,1048.806889,1048.806889,verified_transfer,19,false,attribution_unknown,other_origins_or_user_refunds_possible
8453,0x09aea4b2242abc8bb4bb78d537a67a245a7bec64,0x21fec233b9b5025e5cdbea19cce83cfa29d26798d4f8bf1bbbfae7e610d449d0,0x33dc790f9fc50397b56d58bc039b51498595837b8929fa28790c28a02d8ff589,587,2026-10-02T13:52:23Z,leaf_execution,28012,28,0xf7bac63fc7ceacf0589f25454ecf5c2ce904997c,0xfd03abcadaf3f930fa4e37eb2f6ea3a44a41b7f0,7636.694721,,receipt_missing,,false,attribution_unknown,other_origins_or_user_refunds_possible
8453,0x09aea4b2242abc8bb4bb78d537a67a245a7bec64,0x21fec233b9b5025e5cdbea19cce83cfa29d26798d4f8bf1bbbfae7e610d449d0,0x33dc790f9fc50397b56d58bc039b51498595837b8929fa28790c28a02d8ff589,587,2026-10-02T13:52:23Z,leaf_execution,28012,28,0xf7bac63fc7ceacf0589f25454ecf5c2ce904997c,0x394311a6aaa0d8e3411d8b62de4578d41322d1bd,6266.855761,,receipt_missing,,false,attribution_unknown,other_origins_or_user_refunds_possible
8453,0x09aea4b2242abc8bb4bb78d537a67a245a7bec64,0x21fec233b9b5025e5cdbea19cce83cfa29d26798d4f8bf1bbbfae7e610d449d0,0x33dc790f9fc50397b56d58bc039b51498595837b8929fa28790c28a02d8ff589,587,2026-10-02T13:52:23Z,leaf_execution,28012,28,0xf7bac63fc7ceacf0589f25454ecf5c2ce904997c,0xef1ec136931ab5728b0783fd87d109c9d15d31f1,1812.922220,,receipt_missing,,false,attribution_unknown,other_origins_or_user_refunds_possible
8453,0x09aea4b2242abc8bb4bb78d537a67a245a7bec64,0x21fec233b9b5025e5cdbea19cce83cfa29d26798d4f8bf1bbbfae7e610d449d0,0x33dc790f9fc50397b56d58bc039b51498595837b8929fa28790c28a02d8ff589,587,2026-10-02T13:52:23Z,leaf_execution,28012,28,0xf7bac63fc7ceacf0589f25454ecf5c2ce904997c,0x07ae8551be970cb1cca11dd7a11f47ae82e70e67,1580.043284,,receipt_missing,,false,attribution_unknown,other_origins_or_user_refunds_possible
8453,0x09aea4b2242abc8bb4bb78d537a67a245a7bec64,0x21fec233b9b5025e5cdbea19cce83cfa29d26798d4f8bf1bbbfae7e610d449d0,0x33dc790f9fc50397b56d58bc039b51498595837b8929fa28790c28a02d8ff589,587,2026-10-02T13:52:23Z,leaf_execution,28012,28,0xf7bac63fc7ceacf0589f25454ecf5c2ce904997c,0x6cd1b8cfcd2ca2bcdb46a2d96bd22b92e16ba427,571.948369,,receipt_missing,,false,attribution_unknown,other_origins_or_user_refunds_possible
8453,0x09aea4b2242abc8bb4bb78d537a67a245a7bec64,0x21fec233b9b5025e5cdbea19cce83cfa29d26798d4f8bf1bbbfae7e610d449d0,0x33dc790f9fc50397b56d58bc039b51498595837b8929fa28790c28a02d8ff589,587,2026-10-02T13:52:23Z,leaf_execution,28012,28,0xf7bac63fc7ceacf0589f25454ecf5c2ce904997c,0xd0588c940bdbfcfb5f3e8e3c843ed1462d9f828e,341.859636,,receipt_missing,,false,attribution_unknown,other_origins_or_user_refunds_possible
8453,0x09aea4b2242abc8bb4bb78d537a67a245a7bec64,0x21fec233b9b5025e5cdbea19cce83cfa29d26798d4f8bf1bbbfae7e610d449d0,0x33dc790f9fc50397b56d58bc039b51498595837b8929fa28790c28a02d8ff589,587,2026-10-02T13:52:23Z,leaf_execution,28012,28,0xf7bac63fc7ceacf0589f25454ecf5c2ce904997c,0x75a7c0268ca0f40146c0fd38ca2787a0b0d9370c,207.325014,,receipt_missing,,false,attribution_unknown,other_origins_or_user_refunds_possible
8453,0x09aea4b2242abc8bb4bb78d537a67a245a7bec64,0x21fec233b9b5025e5cdbea19cce83cfa29d26798d4f8bf1bbbfae7e610d449d0,0x33dc790f9fc50397b56d58bc039b51498595837b8929fa28790c28a02d8ff589,587,2026-10-02T13:52:23Z,leaf_execution,28012,28,0xf7bac63fc7ceacf0589f25454ecf5c2ce904997c,0x20c58c01cc73da90d5ca4dfb4357228c636422d6,50.000000,,receipt_missing,,false,attribution_unknown,other_origins_or_user_refunds_possible
8453,0x09aea4b2242abc8bb4bb78d537a67a245a7bec64,0x21fec233b9b5025e5cdbea19cce83cfa29d26798d4f8bf1bbbfae7e610d449d0,0x33dc790f9fc50397b56d58bc039b51498595837b8929fa28790c28a02d8ff589,587,2026-10-02T13:52:23Z,leaf_execution,28012,28,0xf7bac63fc7ceacf0589f25454ecf5c2ce904997c,0xc57992fe22ece7831a6298dbb136435a92052d0d,34.202592,,receipt_missing,,false,attribution_unknown,other_origins_or_user_refunds_possible
8453,0x09aea4b2242abc8bb4bb78d537a67a245a7bec64,0x60701614dcab9f0cba94e06d1461b874100ded67e9ccf440e9a25a9ab2475761,0x705b42514b320e9adaffcc628a59dce43bde91c2157acd38d4220ae3af36b4b2,451,2026-10-02T13:17:17Z,leaf_execution,28011,29,0xf7bac63fc7ceacf0589f25454ecf5c2ce904997c,0x07ae8551be970cb1cca11dd7a11f47ae82e70e67,19324.362278,,receipt_missing,,false,attribution_unknown,other_origins_or_user_refunds_possible
8453,0x09aea4b2242abc8bb4bb78d537a67a245a7bec64,0x60701614dcab9f0cba94e06d1461b874100ded67e9ccf440e9a25a9ab2475761,0x705b42514b320e9adaffcc628a59dce43bde91c2157acd38d4220ae3af36b4b2,451,2026-10-02T13:17:17Z,leaf_execution,28011,29,0xf7bac63fc7ceacf0589f25454ecf5c2ce904997c,0xfd03abcadaf3f930fa4e37eb2f6ea3a44a41b7f0,16508.661941,,receipt_missing,,false,attribution_unknown,other_origins_or_user_refunds_possible
8453,0x09aea4b2242abc8bb4bb78d537a67a245a7bec64,0x60701614dcab9f0cba94e06d1461b874100ded67e9ccf440e9a25a9ab2475761,0x705b42514b320e9adaffcc628a59dce43bde91c2157acd38d4220ae3af36b4b2,451,2026-10-02T13:17:17Z,leaf_execution,28011,29,0xf7bac63fc7ceacf0589f25454ecf5c2ce904997c,0x394311a6aaa0d8e3411d8b62de4578d41322d1bd,11360.755632,,receipt_missing,,false,attribution_unknown,other_origins_or_user_refunds_possible
8453,0x09aea4b2242abc8bb4bb78d537a67a245a7bec64,0x60701614dcab9f0cba94e06d1461b874100ded67e9ccf440e9a25a9ab2475761,0x705b42514b320e9adaffcc628a59dce43bde91c2157acd38d4220ae3af36b4b2,451,2026-10-02T13:17:17Z,leaf_execution,28011,29,0xf7bac63fc7ceacf0589f25454ecf5c2ce904997c,0x95cfd03b4b04c426cb751a04db68d6910c9bccfc,6193.717925,,receipt_missing,,false,attribution_unknown,other_origins_or_user_refunds_possible
8453,0x09aea4b2242abc8bb4bb78d537a67a245a7bec64,0x60701614dcab9f0cba94e06d1461b874100ded67e9ccf440e9a25a9ab2475761,0x705b42514b320e9adaffcc628a59dce43bde91c2157acd38d4220ae3af36b4b2,451,2026-10-02T13:17:17Z,leaf_execution,28011,29,0xf7bac63fc7ceacf0589f25454ecf5c2ce904997c,0xfd0aa7548823c40be6dd85682f0342f35dee121a,1389.329771,,receipt_missing,,false,attribution_unknown,other_origins_or_user_refunds_possible
8453,0x09aea4b2242abc8bb4bb78d537a67a245a7bec64,0x60701614dcab9f0cba94e06d1461b874100ded67e9ccf440e9a25a9ab2475761,0x705b42514b320e9adaffcc628a59dce43bde91c2157acd38d4220ae3af36b4b2,451,2026-10-02T13:17:17Z,leaf_execution,28011,29,0xf7bac63fc7ceacf0589f25454ecf5c2ce904997c,0xd0588c940bdbfcfb5f3e8e3c843ed1462d9f828e,1320.202840,,receipt_missing,,false,attribution_unknown,other_origins_or_user_refunds_possible
8453,0x09aea4b2242abc8bb4bb78d537a67a245a7bec64,0x60701614dcab9f0cba94e06d1461b874100ded67e9ccf440e9a25a9ab2475761,0x705b42514b320e9adaffcc628a59dce43bde91c2157acd38d4220ae3af36b4b2,451,2026-10-02T13:17:17Z,leaf_execution,28011,29,0xf7bac63fc7ceacf0589f25454ecf5c2ce904997c,0x6cd1b8cfcd2ca2bcdb46a2d96bd22b92e16ba427,1132.207481,,receipt_missing,,false,attribution_unknown,other_origins_or_user_refunds_possible
8453,0x09aea4b2242abc8bb4bb78d537a67a245a7bec64,0x60701614dcab9f0cba94e06d1461b874100ded67e9ccf440e9a25a9ab2475761,0x705b42514b320e9adaffcc628a59dce43bde91c2157acd38d4220ae3af36b4b2,451,2026-10-02T13:17:17Z,leaf_execution,28011,29,0xf7bac63fc7ceacf0589f25454ecf5c2ce904997c,0x75a7c0268ca0f40146c0fd38ca2787a0b0d9370c,336.932475,,receipt_missing,,false,attribution_unknown,other_origins_or_user_refunds_possible
8453,0x09aea4b2242abc8bb4bb78d537a67a245a7bec64,0x60701614dcab9f0cba94e06d1461b874100ded67e9ccf440e9a25a9ab2475761,0x705b42514b320e9adaffcc628a59dce43bde91c2157acd38d4220ae3af36b4b2,451,2026-10-02T13:17:17Z,leaf_execution,28011,29,0xf7bac63fc7ceacf0589f25454ecf5c2ce904997c,0xef1ec136931ab5728b0783fd87d109c9d15d31f1,70.000000,,receipt_missing,,false,attribution_unknown,other_origins_or_user_refunds_possible
8453,0x09aea4b2242abc8bb4bb78d537a67a245a7bec64,0x60701614dcab9f0cba94e06d1461b874100ded67e9ccf440e9a25a9ab2475761,0x705b42514b320e9adaffcc628a59dce43bde91c2157acd38d4220ae3af36b4b2,451,2026-10-02T13:17:17Z,leaf_execution,28011,29,0xf7bac63fc7ceacf0589f25454ecf5c2ce904997c,0xad03abc6223e9def79b3feb624f54303a372f0c7,7.130000,,receipt_missing,,false,attribution_unknown,other_origins_or_user_refunds_possible
8453,0x09aea4b2242abc8bb4bb78d537a67a245a7bec64,0x60701614dcab9f0cba94e06d1461b874100ded67e9ccf440e9a25a9ab2475761,0x705b42514b320e9adaffcc628a59dce43bde91c2157acd38d4220ae3af36b4b2,451,2026-10-02T13:17:17Z,leaf_execution,28011,29,0xf7bac63fc7ceacf0589f25454ecf5c2ce904997c,0x000000000050a4bbbc2e57804395a0c209353e1c,1.798341,,receipt_missing,,false,attribution_unknown,other_origins_or_user_refunds_possible
8453,0x09aea4b2242abc8bb4bb78d537a67a245a7bec64,0x60701614dcab9f0cba94e06d1461b874100ded67e9ccf440e9a25a9ab2475761,0x705b42514b320e9adaffcc628a59dce43bde91c2157acd38d4220ae3af36b4b2,451,2026-10-02T13:17:17Z,leaf_execution,28011,29,0xf7bac63fc7ceacf0589f25454ecf5c2ce904997c,0xdd03b2157a74a8625d9d65b56b84604c051a93bf,1.000000,,receipt_missing,,false,attribution_unknown,other_origins_or_user_refunds_possible
8453,0x09aea4b2242abc8bb4bb78d537a67a245a7bec64,0x7cecddef8a8e954a34d5fbfef283e72fabfb92e2ea4873358638864e9e31d256,0x9ff31c3e82a5ca7a7645c294a017c989ada9e464b59c326c8dc6c8249823727e,420,2026-10-02T12:47:13Z,leaf_execution,28010,29,0xf7bac63fc7ceacf0589f25454ecf5c2ce904997c,0x394311a6aaa0d8e3411d8b62de4578d41322d1bd,12566.954640,12566.954640,verified_transfer,411,false,attribution_unknown,other_origins_or_user_refunds_possible
8453,0x09aea4b2242abc8bb4bb78d537a67a245a7bec64,0x7cecddef8a8e954a34d5fbfef283e72fabfb92e2ea4873358638864e9e31d256,0x9ff31c3e82a5ca7a7645c294a017c989ada9e464b59c326c8dc6c8249823727e,420,2026-10-02T12:47:13Z,leaf_execution,28010,29,0xf7bac63fc7ceacf0589f25454ecf5c2ce904997c,0x07ae8551be970cb1cca11dd7a11f47ae82e70e67,11745.835665,11745.835665,verified_transfer,412,false,attribution_unknown,other_origins_or_user_refunds_possible
8453,0x09aea4b2242abc8bb4bb78d537a67a245a7bec64,0x7cecddef8a8e954a34d5fbfef283e72fabfb92e2ea4873358638864e9e31d256,0x9ff31c3e82a5ca7a7645c294a017c989ada9e464b59c326c8dc6c8249823727e,420,2026-10-02T12:47:13Z,leaf_execution,28010,29,0xf7bac63fc7ceacf0589f25454ecf5c2ce904997c,0x6cd1b8cfcd2ca2bcdb46a2d96bd22b92e16ba427,5100.551519,5100.551519,verified_transfer,413,false,attribution_unknown,other_origins_or_user_refunds_possible
8453,0x09aea4b2242abc8bb4bb78d537a67a245a7bec64,0x7cecddef8a8e954a34d5fbfef283e72fabfb92e2ea4873358638864e9e31d256,0x9ff31c3e82a5ca7a7645c294a017c989ada9e464b59c326c8dc6c8249823727e,420,2026-10-02T12:47:13Z,leaf_execution,28010,29,0xf7bac63fc7ceacf0589f25454ecf5c2ce904997c,0xef1ec136931ab5728b0783fd87d109c9d15d31f1,2022.744513,2022.744513,verified_transfer,414,false,attribution_unknown,other_origins_or_user_refunds_possible
8453,0x09aea4b2242abc8bb4bb78d537a67a245a7bec64,0x7cecddef8a8e954a34d5fbfef283e72fabfb92e2ea4873358638864e9e31d256,0x9ff31c3e82a5ca7a7645c294a017c989ada9e464b59c326c8dc6c8249823727e,420,2026-10-02T12:47:13Z,leaf_execution,28010,29,0xf7bac63fc7ceacf0589f25454ecf5c2ce904997c,0xfd03abcadaf3f930fa4e37eb2f6ea3a44a41b7f0,1571.297886,1571.297886,verified_transfer,415,false,attribution_unknown,other_origins_or_user_refunds_possible
8453,0x09aea4b2242abc8bb4bb78d537a67a245a7bec64,0x7cecddef8a8e954a34d5fbfef283e72fabfb92e2ea4873358638864e9e31d256,0x9ff31c3e82a5ca7a7645c294a017c989ada9e464b59c326c8dc6c8249823727e,420,2026-10-02T12:47:13Z,leaf_execution,28010,29,0xf7bac63fc7ceacf0589f25454ecf5c2ce904997c,0x95cfd03b4b04c426cb751a04db68d6910c9bccfc,1200.000000,1200.000000,verified_transfer,416,false,attribution_unknown,other_origins_or_user_refunds_possible
8453,0x09aea4b2242abc8bb4bb78d537a67a245a7bec64,0x7cecddef8a8e954a34d5fbfef283e72fabfb92e2ea4873358638864e9e31d256,0x9ff31c3e82a5ca7a7645c294a017c989ada9e464b59c326c8dc6c8249823727e,420,2026-10-02T12:47:13Z,leaf_execution,28010,29,0xf7bac63fc7ceacf0589f25454ecf5c2ce904997c,0x75a7c0268ca0f40146c0fd38ca2787a0b0d9370c,84.831209,84.831209,verified_transfer,417,false,attribution_unknown,other_origins_or_user_refunds_possible
8453,0x09aea4b2242abc8bb4bb78d537a67a245a7bec64,0x7cecddef8a8e954a34d5fbfef283e72fabfb92e2ea4873358638864e9e31d256,0x9ff31c3e82a5ca7a7645c294a017c989ada9e464b59c326c8dc6c8249823727e,420,2026-10-02T12:47:13Z,leaf_execution,28010,29,0xf7bac63fc7ceacf0589f25454ecf5c2ce904997c,0xd0588c940bdbfcfb5f3e8e3c843ed1462d9f828e,49.765031,49.765031,verified_transfer,418,false,attribution_unknown,other_origins_or_user_refunds_possible
8453,0x09aea4b2242abc8bb4bb78d537a67a245a7bec64,0x7cecddef8a8e954a34d5fbfef283e72fabfb92e2ea4873358638864e9e31d256,0x9ff31c3e82a5ca7a7645c294a017c989ada9e464b59c326c8dc6c8249823727e,420,2026-10-02T12:47:13Z,leaf_execution,28010,29,0xf7bac63fc7ceacf0589f25454ecf5c2ce904997c,0xc57992fe22ece7831a6298dbb136435a92052d0d,1.000000,1.000000,verified_transfer,419,false,attribution_unknown,other_origins_or_user_refunds_possible
